question_id,paper_id,question,gold_answers,predicted_answer,f1,em,retrieved_chunk_ids
27275fe9f6a9004639f9ac33c3a5767fea388a98,2003.11645,What hyperparameters are explored?,"['Dimension size, window size, architecture, algorithm, epochs, hidden dimension size, learning rate, loss function, optimizer algorithm.', 'Hyperparameters explored were: dimension size, window size, architecture, algorithm and epochs.']","Dimension size, training epochs, window size, vocabulary size, subsampling rate, and the window size.",0.4,0.0,"['2003.11645_1_1', '2003.11645_0_0', '2003.11645_2_0']"
10f560fe8e1c0c7dea5e308ee4cec16d07874f1d,1901.03859,How does nextsum work?,"['selects the next summary sentence based not only on properties of the source text, but also on the previously selected sentences in the summary']","NextSum is a next-sentence predictor that generates summaries by iteratively predicting the next sentence until the end-of-sentence marker ($\langle$ EOS $\rangle$) is selected. It uses a feedforward neural network to compute the probability of a sentence given the source article and the partial summary. The model is trained to predict the next sentence in the summary, and can be used to generate a complete summary by repeatedly calling the next-sentence prediction module.",0.1667,0.0,"['1901.03859_3_0', '1901.03859_7_0', '1901.03859_4_0']"
12159f04e0427fe33fa05af6ba8c950f1a5ce5ea,1705.01265,Which hyperparameters were varied in the experiments on the four tasks?,"['number of clusters, seed value in clustering, selection of word vectors, window size and dimension of embedding', 'different number of clusters different embeddings']",I don't know.,0.0,0.0,"['1705.01265_3_0', '1705.01265_5_0', '1705.01265_4_0']"
efe49829725cfe54de01405c76149a4fe4d18747,1901.03866,How much does HAS-QA improve over baselines?,"['For example, in QuasarT, it improves 16.8% in EM score and 20.4% in F1 score.  For example, in QuasarT, it improves 4.6% in EM score and 3.5% in F1 score.']",HAS-QA improves 16.8% in EM score and 20.4% in F1 score over traditional RC baselines in QuasarT.,0.383,0.0,"['1901.03866_11_0', '1901.03866_10_0', '1901.03866_7_1']"
22c36082b00f677e054f0f0395ed685808965a02,1910.10408,Do they conduct any human evaluation?,['yes'],"Yes, they conduct a human evaluation for the En-It Len-Tok model.",0.1667,0.0,"['1910.10408_15_0', '1910.10408_9_0', '1910.10408_13_0']"
7efbe48e84894971d7cd307faf5f6dae9d38da31,2001.07263,How big is Switchboard-300 database?,['300-hour English conversational speech'],I don't know.,0.0,0.0,"['2001.07263_2_0', '2001.07263_7_0', '2001.07263_2_1']"
59a5959a6abfb81b114e7bfaa945301349d20f0f,1704.00939,What is the source of their lexicon?,['DepecheMood'],Wikipedia and Gigaword corpus.,0.0,0.0,"['1704.00939_0_0', '1704.00939_5_0', '1704.00939_4_0']"
c2eb743c9d0baf1781c3c0df9533fab588250af3,1809.02279,Which models did they experiment with?,['Stacked LSTMs Cell-aware Stacked LSTMs Sentence Encoders Top-layer Classifiers'],"They experimented with the following models: 

1. Plain stacked LSTMs
2. Models with different INLINEFORM0
3. Models without INLINEFORM1
4. Models that integrate lower contexts via peephole connections",0.1081,0.0,"['1809.02279_4_0', '1809.02279_11_0', '1809.02279_12_0']"
ed6462da17c553bda112ef35917fefe6942fce3c,1909.09018,What are all machine learning approaches compared in this work?,['Feature selection Random forest XGBoost Hierarchical Model'],"The machine learning approaches compared in this work are:

1. Support Vector Machines (SVM)
2. Random Forest (RF)
3. Naive Bayes (NB)
4. Multinomial Naive Bayes
5. Logistic Regression
6. K-Nearest Neighbour
7. LSTM (Long Short-Term Memory) models
8. XGBoost machine learning model
9. Bagged voting model",0.1481,0.0,"['1909.09018_1_0', '1909.09018_18_0', '1909.09018_8_0']"
7f5059b4b5e84b7705835887f02a51d4d016316a,1904.09545,Do they experiment with language modeling on large datasets?,['no'],I don't know.,0.0,0.0,"['1904.09545_1_0', '1904.09545_0_0', '1904.09545_2_0']"
ba1da61db264599963e340010b777a1723ffeb4c,1612.04675,What does recurrent deep stacking network do?,['Stacks and joins outputs of previous frames with inputs of the current frame'],It stacks and concatenates the outputs of previous frames into the input features of the current frame.,0.6,0.0,"['1612.04675_1_0', '1612.04675_0_0', '1612.04675_4_0']"
cbbcafffda7107358fa5bf02409a01e17ee56bfd,2004.03061,Was any variation in results observed based on language typology?,['It is observed some variability - but not significant. Bert does not seem to gain much more syntax information than with type level information.'],"Yes, we worked on a typologically diverse set of languages (Basque, Czech, English, Finnish, Tamil, and Turkish).",0.0,0.0,"['2004.03061_7_0', '2004.03061_17_0', '2004.03061_0_1']"
f9bf6bef946012dd42835bf0c547c0de9c1d229f,1912.01772,How is non-standard pronunciation identified?,"['unanswerable', 'Original transcription was labeled with additional labels in [] brackets with nonstandard pronunciation.']",I don't know.,0.0,0.0,"['1912.01772_5_0', '1912.01772_2_0', '1912.01772_7_0']"
f641f561ad2ea2794a52e4e4bdd62e1f353ab797,2001.09215,What language is explored in this paper?,"['unanswerable', 'English language']",I don't know.,0.0,0.0,"['2001.09215_1_1', '2001.09215_1_0', '2001.09215_0_0']"
b8ffb81e74c1c1ad552051aca8741b0141ae6e97,1710.09753,What is the task of slot filling?,"['The task aims at extracting information about persons, organizations or geo-political entities from a large collection of news, web and discussion forum documents.']",The main idea of slot filling is to extend a knowledge base by extracting pre-defined relations between (named) entities from text data.,0.2667,0.0,"['1710.09753_2_0', '1710.09753_1_0', '1710.09753_3_0']"
d7644c674887ca9708eb12107acd964ae53b216d,2002.12612,What are the global network features which quantify different aspects of the sharing process?,['Number of Strongly Connected Components (SCC) Size of the Largest Strongly Connected Component (LSCC) Number of Weakly Connected Components (WCC) Size of the Largest Weakly Connected Component (LWCC) Diameter of the Largest Weakly Connected Component (DWCC) Average Clustering Coefficient (CC) Main K-core Number (KC) Density (d)'],"The global network features used to quantify different aspects of the sharing process are:

1. Number of Strongly Connected Components (SCC)
2. Size of the Largest Strongly Connected Component (LSCC)
3. Number of Weakly Connected Components (WCC)
4. Size of the Largest Weakly Connected Component (LWCC)
5. Diameter of the Largest Weakly Connected Component (DWCC)
6. Average Clustering Coefficient (CC)
7. Main K-core Number (KC)
8. Density (d)
9. Structural virality of the largest weakly connected component (SV)",0.4032,0.0,"['2002.12612_4_0', '2002.12612_5_0', '2002.12612_6_0']"
9d578ddccc27dd849244d632dd0f6bf27348ad81,1909.00694,What are the results?,"['Using all data to train: AL -- BiGRU achieved 0.843 accuracy, AL -- BERT achieved 0.863 accuracy, AL+CA+CO -- BiGRU achieved 0.866 accuracy, AL+CA+CO -- BERT achieved 0.835, accuracy, ACP -- BiGRU achieved 0.919 accuracy, ACP -- BERT achived 0.933, accuracy, ACP+AL+CA+CO -- BiGRU achieved 0.917 accuracy, ACP+AL+CA+CO -- BERT achieved 0.913 accuracy. \nUsing a subset to train: BERT achieved 0.876 accuracy using ACP (6K), BERT achieved 0.886 accuracy using ACP (6K) + AL, BiGRU achieved 0.830 accuracy using ACP (6K), BiGRU achieved 0.879 accuracy using ACP (6K) + AL + CA + CO.']","The results are shown in multiple tables (TABREF23, TABREF24, and TABREF16) but the main results are:

- The BiGRU encoder trained with the AL+CA+CO dataset performed the best.
- BERT was competitive but its performance decreased when using CA and CO in addition to AL.
- Supervised models outperformed semi-supervised models.
- The training set of 0.6 million events is sufficiently large for training the models.
- The results also show that the CA pairs were noisier than the CO pairs.",0.1013,0.0,"['1909.00694_14_0', '1909.00694_12_0', '1909.00694_11_0']"
66d743b735ba75589486e6af073e955b6bb9d2a4,1909.06762,What were the baseline systems?,['Attn seq2seq Ptr-UNK KV Net Mem2Seq DSR'],I don't know.,0.0,0.0,"['1909.06762_18_0', '1909.06762_0_0', '1909.06762_12_0']"
ebae0cd1fe0e7ba877d4b3055190e8b1dfcaeb53,1604.07236,What are the eight features mentioned?,['User location (uloc) User language (ulang) Timezone (tz) Tweet language (tlang) Offset (offset) User name (name) User description (description) Tweet content (content)'],"User location, tweet content, user name, user description, tweet language, offset, user language, and time zone.",0.4211,0.0,"['1604.07236_9_0', '1604.07236_10_0', '1604.07236_5_1']"
cfb5ab893ed77f9df7eeb4940b6bacdef5acccea,1909.05360,Is this the first paper to propose a joint model for event and temporal relation extraction?,['yes'],Yes.,1.0,1.0,"['1909.05360_1_0', '1909.05360_0_0', '1909.05360_4_0']"
8acab64ba72831633e8cc174d5469afecccf3ae9,1702.03856,what is the domain of the corpus?,"['unanswerable', 'telephone calls']","Speech translation, specifically Spanish-English.",0.0,0.0,"['1702.03856_2_0', '1702.03856_0_0', '1702.03856_1_0']"
18ad60f97f53af64cb9db2123c0d8846c57bfa4a,1911.05960,What supports the claim that injected CNN into recurent units will enhance ability of the model to catch local context and reduce ambiguities?,"['word embeddings to generate a new feature, i.e., summarizing a local context']","The experimental results shown in Table TABREF35 demonstrate that all variants of our CRU model could give substantial improvements over the traditional GRU model, with a maximum gain of 2.7%, 1.0%, and 1.9% in three datasets, respectively.",0.0408,0.0,"['1911.05960_5_0', '1911.05960_14_0', '1911.05960_1_0']"
19c9cfbc4f29104200393e848b7b9be41913a7ac,1908.06606,How many questions are in the dataset?,"['2,714']",I don't know.,0.0,0.0,"['1908.06606_16_0', '1908.06606_0_0', '1908.06606_3_0']"
30803eefd7cdeb721f47c9ca72a5b1d750b8e03b,1611.00514,How well does their system perform on the development set of SRE?,"['EER 16.04, Cmindet 0.6012, Cdet 0.6107']",The system results in a relative improvement of almost 10% in terms of both INLINEFORM0 and INLINEFORM1 when fusing MFCC and PLP scores.,0.0,0.0,"['1611.00514_15_0', '1611.00514_16_0', '1611.00514_0_0']"
0a521541b9e2b5c6d64fb08eb318778eba8ac9f7,1810.09774,Which datasets were used?,"['SNLI, MultiNLI and SICK']","The datasets used were SNLI, MultiNLI, and SICK.",0.6667,0.0,"['1810.09774_3_0', '1810.09774_1_0', '1810.09774_5_0']"
32e8eda2183bcafbd79b22f757f8f55895a0b7b2,1908.04531,How many categories of offensive language were there?,['3'],"There were 7 categories of offensive language as per BIBREF8: 

1. Threat/Blackmail
2. Insult
3. Curse/Exclusion
4. Defamation
5. Sexual Talk
6. Defense
7. Encouragement to the harasser",0.069,0.0,"['1908.04531_1_0', '1908.04531_1_1', '1908.04531_1_2']"
5cb3d69607f60e1c5be2120462726a477ead9570,1909.00153,"Does adversarial learning have stronger performance gains for text classification, or for NER?",['classification'],I don't know. The text does not provide a direct comparison of performance gains between text classification and NER using adversarial learning.,0.087,0.0,"['1909.00153_0_0', '1909.00153_4_0', '1909.00153_4_1']"
1f07e837574519f2b696f3d6fa3230af0b931e5d,1608.01084,Did they only experiment with one language pair?,"['yes', 'yes']",I don't know.,0.0,0.0,"['1608.01084_9_0', '1608.01084_7_0', '1608.01084_3_1']"
55588ae77496e7753bff18763a21ca07d9f93240,1702.06777,What are the characteristics of the rural dialect?,['It uses particular forms of a concept rather than all of them uniformly'],"The rural dialect, represented by the purple cluster, possesses more specific words in their lexicon and prefers particular utterances.",0.0625,0.0,"['1702.06777_0_0', '1702.06777_5_0', '1702.06777_6_0']"
b8137eb0fa0b41f871c899a54154f640f0e9aca1,1606.08495,What domains are considered that have such large vocabularies?,['relational entities general text-based attributes descriptive text of images nodes in graph structure of networks queries'],"The domains considered to have such large vocabularies are relational entities, general text-based attributes, descriptive text of images, nodes in graph structure of networks, and queries.",0.7143,0.0,"['1606.08495_0_0', '1606.08495_12_0', '1606.08495_9_0']"
3aa43a0d543b88d40e4f3500c7471e263515be40,1709.05563,What elements of natural language processing are proposed to analyze qualitative data?,"[""translated the responses in multiple languages into English using machine translation words without functional meaning (e.g. `I'), rare words that occurred in only one narrative, numbers, and punctuation were all removed remaining words were stemmed to remove plural forms of nouns or conjugations of verbs""]",Structural topic modeling is proposed as an NLP approach to analyze qualitative data.,0.0345,0.0,"['1709.05563_16_0', '1709.05563_1_0', '1709.05563_16_1']"
096f5c59f43f49cab1ef37126341c78f272c0e26,2001.05970,How many followers did they analyze?,"['51,104']",I don't know.,0.0,0.0,"['2001.05970_9_0', '2001.05970_1_0', '2001.05970_8_0']"
e8f969ffd637b82d04d3be28c51f0f3ca6b3883e,1706.01678,Which evaluation methods are used?,"['Quantitative evaluation methods using ROUGE, Recall, Precision and F1.', 'standard ROGUE metric Recall, Precision and INLINEFORM0 scores for ROGUE-1  INLINEFORM2 scores for ROGUE-2 and ROGUE-L']","ROGUE metric, ROGUE-1, ROGUE-2, ROGUE-L, Recall, Precision, and human evaluation (assigning scores from 1 to 10 for readability and information contained).",0.5405,0.0,"['1706.01678_11_0', '1706.01678_8_0', '1706.01678_5_0']"
347e86893e8002024c2d10f618ca98e14689675f,1912.02481,What turn out to be more important high volume or high quality data?,"['only high-quality data helps', 'high-quality']","High quality data turns out to be more important, especially in low-resourced languages. The paper shows that even with a large amount of noisy data, the performance of the embeddings is poor, whereas with a smaller amount of high-quality data, the performance is significantly better.",0.0816,0.0,"['1912.02481_13_0', '1912.02481_10_0', '1912.02481_11_0']"
b24767fe7e6620369063e646fd3048dc645a8348,1709.05413,Which dialogue acts are more suited to the twitter domain?,['overlapping dialogue acts'],I don't know.,0.0,0.0,"['1709.05413_1_1', '1709.05413_1_0', '1709.05413_0_1']"
4a61260d6edfb0f93100d92e01cf655812243724,1911.03562,Which 3 NLP areas are cited the most?,"['machine translation, statistical machine, sentiment analysis']",I don't know. The provided context does not mention the NLP areas that are cited the most.,0.0,0.0,"['1911.03562_0_0', '1911.03562_6_1', '1911.03562_3_1']"
eeaceee98ef1f6c971dac7b0b8930ee8060d71c2,2004.03685,What approaches they propose?,"['Across models and tasks: The degree (as grayscale) of faithfulness at the level of specific models and tasks. Across input space: The degree of faithfulness at the level of subspaces of the input space, such as neighborhoods of similar inputs, or singular inputs themselves.']","They propose a more practical view of faithfulness, calling for a graded criteria that measures the extent and likelihood of an interpretation to be faithful, in practice.",0.1127,0.0,"['2004.03685_1_0', '2004.03685_0_0', '2004.03685_3_0']"
c69f4df4943a2ca4c10933683a02b179a5e76f64,2003.12738,What approach performs better in experiments global latent or sequence of fine-grained latent variables?,['PPL: SVT\nDiversity: GVT\nEmbeddings Similarity: SVT\nHuman Evaluation: SVT'],"The approach with sequence of fine-grained latent variables (SVT) performs better in experiments, especially in terms of semantic relevance-oriented metrics such as $\textbf {EMB}_\textbf {FT}$ and $\textbf {EMB}_\textbf {BERT}$ in MojiTalk dataset.",0.0476,0.0,"['2003.12738_5_0', '2003.12738_0_0', '2003.12738_23_0']"
dee116df92f9f92d9a67ac4d30e32822c22158a6,1803.02839,Is there a formal proof that the RNNs form a representation of the group?,['no'],I don't know.,0.0,0.0,"['1803.02839_2_1', '1803.02839_8_1', '1803.02839_1_0']"
e097c2ec6021b1c1195b953bf3e930374b74d8eb,1910.14443,How is octave convolution concept extended to multiple resolutions and octaves?,"['The resolution of the low-frequency feature maps is reduced by an octave – height and width dimensions are divided by 2. In this work, we explore spatial reduction by up to 3 octaves – dividing by $2^t$, where $t=1,2,3$ – and for up to 4 groups. We refer to such a layer as a multi-octave convolutional (MultiOctConv) layer,']",The octave convolution concept is extended to multi-scale octave convolutional layers by including lower resolution feature maps with a higher compression rate (reduction by more than one octave) and using more than two feature map tensor groups to learn representations at multiple scales.,0.2574,0.0,"['1910.14443_1_0', '1910.14443_1_1', '1910.14443_0_0']"
2210178facc0e7b3b6341eec665f3c098abef5ac,1707.05853,What type of recurrent layers does the model use?,['GRU'],GRUs (Gated Recurrent Units),0.0,0.0,"['1707.05853_1_0', '1707.05853_2_0', '1707.05853_0_0']"
78577fd1c09c0766f6e7d625196adcc72ddc8438,1912.00955,What dataset is used for train/test of this method?,['Training datasets: TTS System dataset and embedding selection dataset. Evaluation datasets: Common Prosody Errors dataset and LFR dataset.'],I don't know. The dataset is not explicitly mentioned in the provided context.,0.0645,0.0,"['1912.00955_6_0', '1912.00955_13_0', '1912.00955_6_1']"
0ba3ea93eef5660a79ea3c26c6a270eac32dfa4c,1710.07960,Did they use a crowdsourcing platform for annotations?,"['no', 'unanswerable']",I don't know.,0.0,0.0,"['1710.07960_1_0', '1710.07960_0_0', '1710.07960_8_0']"
e6469135e0273481cf11a6c737923630bc7ccfca,1909.05438,What datasets are used in this paper?,['WikiSQL SimpleQuestions SequentialQA'],WikiSQL.,0.5,0.0,"['1909.05438_7_1', '1909.05438_5_0', '1909.05438_7_0']"
40f87db3a8d1ac49b888ce3358200f7d52903ce7,1702.06700,Does the new system utilize pre-extracted bounding boxes and/or features?,['yes'],I don't know.,0.0,0.0,"['1702.06700_10_0', '1702.06700_4_0', '1702.06700_4_2']"
3bf429633ecbbfec3d7ffbcfa61fa90440cc918b,1710.06536,How are aspects identified in aspect extraction?,['apply an ensemble of deep learning and linguistics t'],"Aspects are identified in aspect extraction through various methods, including:

1. Conditional Random Fields (CRFs)
2. Linguistic patterns
3. Aspect term extraction as sequence labeling
4. Topic modeling (such as pLSA and LDA)
5. Maximum entropy method
6. Linguistic analysis of syntactic structure of sentences
7. Pre-trained word embeddings (such as Amazon embeddings)
8. Rule-based approaches (such as LPs)",0.0588,0.0,"['1710.06536_6_1', '1710.06536_8_0', '1710.06536_14_5']"
bdc6664cec2b94b0b3769bc70a60914795f39574,1907.08501,How do they measure performance?,"['average INLINEFORM0 , INLINEFORM1 , and INLINEFORM2 values']","They use the classic information retrieval metrics of precision (P), recall (R), and F1.",0.1,0.0,"['1907.08501_4_0', '1907.08501_5_0', '1907.08501_0_0']"
b236b9827253037b2fd7884d7bfec74619d96293,1908.09137,How much better performance of proposed model compared to answer-selection models?,"['significant MAP performance improvement compared to the previous best model, CompClip-LM (0.696 to 0.734 absolute)']",0.038 absolute (0.696 to 0.734).,0.4,0.0,"['1908.09137_7_0', '1908.09137_0_0', '1908.09137_2_0']"
7d841b98bcee29aaa9852ef7ceea1213d703deba,1909.02776,Is new approach tested against state of the art?,['no'],I don't know.,0.0,0.0,"['1909.02776_1_1', '1909.02776_14_0', '1909.02776_5_0']"
f5cf8738e8d211095bb89350ed05ee7f9997eb19,1909.08402,By how much do they outperform standard BERT?,['up to four percentage points in accuracy'],"They outperform the classical TF-IDF approach, but the exact difference in performance between BERT and standard BERT is not specified in the given context.",0.0645,0.0,"['1909.08402_10_0', '1909.08402_7_0', '1909.08402_11_0']"
5787ac3e80840fe4cf7bfae7e8983fa6644d6220,1909.00279,What dataset is used for training?,['We collected a corpus of poems and a corpus of vernacular literature from online resources'],A vernacular texts corpus $\textbf {\emph {S}}$ and a poem corpus $\textbf {\emph {T}}$.,0.2759,0.0,"['1909.00279_1_0', '1909.00279_2_0', '1909.00279_13_0']"
ea6764a362bac95fb99969e9f8c773a61afd8f39,1607.06025,What is the highest accuracy score achieved?,['82.0%'],82.0%,1.0,1.0,"['1607.06025_11_0', '1607.06025_9_0', '1607.06025_12_0']"
944d5dbe0cfc64bf41ea36c11b1d378c408d40b8,1911.01799,Which of the two speech recognition models works better overall on CN-Celeb?,['x-vector'],"I don't know. The provided context does not mention any specific speech recognition models being tested on CN-Celeb. It discusses the collection of the CN-Celeb dataset and the speaker recognition task, but does not provide information on the performance of specific models.",0.0,0.0,"['1911.01799_0_1', '1911.01799_3_0', '1911.01799_0_0']"
6ca938324dc7e1742a840d0a54dc13cc207394a1,1903.09722,What dataset do they use?,"[""German newscrawl distributed by WMT'18  English newscrawl data WMT'18 English-German (en-de) news translation task  WMT'18 English-Turkish (en-tr) news task"", ""German newscrawl English newscrawl WMT'18 English-German (en-de) news WMT'18 English-Turkish (en-tr) news task WMT'18 English-German (en-de) news translation task and we validate our findings on the WMT'18 English-Turkish (en-tr) news task""]","They use the following datasets: 

1. WMT'18 English-German (en-de) news translation task
2. WMT'18 English-Turkish (en-tr) news task
3. Newstest2017 and newstest2018
4. A widely used dataset for abstractive text summarization (no specific name mentioned)",0.303,0.0,"['1903.09722_7_0', '1903.09722_4_0', '1903.09722_5_0']"
f52ec4d68de91dba66668f0affc198706949ff90,1906.07668,What other interesting correlations are observed?,['Women-Yoga'],I don't know.,0.0,0.0,"['1906.07668_12_0', '1906.07668_9_0', '1906.07668_15_0']"
a4d115220438c0ded06a91ad62337061389a6747,1809.01202,What types of social media did they consider?,"['Facebook status update messages', 'Facebook status update messages']",I don't know.,0.0,0.0,"['1809.01202_0_0', '1809.01202_4_0', '1809.01202_1_1']"
771b373d09e6eb50a74fffbf72d059ad44e73ab0,1912.01673,How do they introduce language variation?,[' we were looking for original and uncommon sentence change suggestions'],"They introduce language variation by manually selecting 150 sentences from Czech data of Global Voices and OpenSubtitles, and then manually applying various sentence transformations to these sentences.",0.1081,0.0,"['1912.01673_1_0', '1912.01673_1_1', '1912.01673_5_0']"
5260cb56b7d127772425583c5c28958c37cb9bea,1701.04056,How long of dialog history is captured?,"['two previous turns', '160']",The dialog history of 2 turns is captured.,0.1818,0.0,"['1701.04056_11_0', '1701.04056_6_0', '1701.04056_0_0']"
005cca3c8ab6c3a166e315547a2259020f318ffb,2003.04642,How does proposed qualitative annotation schema looks like?,"['The resulting taxonomy of the framework is shown in Figure FIGREF10', 'FIGREF10']","The proposed qualitative annotation schema is inspired by Wang2019 and adapted around lexical semantics and syntax. It includes features such as Redundancy, Lexical Entailment, Synonyms, Paraphrases, Abbreviations, Dative case, Voice, Genitive case, Nominalisation, Ellipsis, Restrictivity, Factivity, Coreference, and ambiguous syntactic features.",0.0769,0.0,"['2003.04642_7_0', '2003.04642_5_0', '2003.04642_13_0']"
b34c60eb4738e0439523bcc679fe0fe70ceb8bde,1907.10738,How is OpenBookQA different from other natural language QA?,['in the OpenBookQA setup the open book part is much larger the open book part is much larger (than a small paragraph) and is not complete as additional common knowledge may be required'],"OpenBookQA is different from other natural language QA in that it focuses on ""deeper understanding of the materials and its application to new situations"" rather than memorization, and it requires reasoning involving both facts from an open book and common knowledge.",0.2703,0.0,"['1907.10738_0_0', '1907.10738_7_0', '1907.10738_2_0']"
56123dd42cf5c77fc9a88fc311ed2e1eb672126e,1911.09886,What is previous work authors reffer to?,['SPTree Tagging CopyR HRL GraphR N-gram Attention'],BIBREF9 and BIBREF10.,0.0,0.0,"['1911.09886_6_1', '1911.09886_7_1', '1911.09886_7_0']"
25c4fa78299481788a19d0c25ae07dfd8cb6315c,1901.04085,What is the TREC-CAR dataset?,"['in this dataset, the input query is the concatenation of a Wikipedia article title with the title of one of its section. The relevant passages are the paragraphs within that section']","The TREC-CAR dataset is a passage ranking dataset that consists of all English Wikipedia paragraphs, except abstracts, with queries being the concatenation of a Wikipedia article title and one of its section titles.",0.4687,0.0,"['1901.04085_3_0', '1901.04085_2_0', '1901.04085_0_0']"
f8da63df16c4c42093e5778c01a8e7e9b270142e,2002.04095,How is segmentation quality evaluated?,"['Segmentation quality is evaluated by calculating the precision, recall, and F-score of the automatic segmentations in comparison to the segmentations made by expert annotators from the ANNODIS subcorpus.', 'we compare the Annodis segmentation with the automatically produced segmentation']","The segmentation quality is evaluated by calculating the precision (P), recall (R), and F-score.",0.5238,0.0,"['2002.04095_6_1', '2002.04095_7_0', '2002.04095_8_0']"
d7b60abb0091246e29d1a9c28467de598e090c20,1706.01875,What was the baseline?,"['stochastic gradient descent, naive bayes, decision tree', 'unanswerable']",I don't know.,0.0,0.0,"['1706.01875_5_0', '1706.01875_4_0', '1706.01875_0_0']"
3b995a7358cefb271b986e8fc6efe807f25d60dc,1908.07218,What types of word representations are they evaluating?,['GloVE; SGNS'],I don't know.,0.0,0.0,"['1908.07218_6_0', '1908.07218_2_0', '1908.07218_5_1']"
500a8ec1c56502529d6e59ba6424331f797f31f0,1706.06894,How many tweets did they collect?,"['700 ', '700']","They collected 1 million random tweets for each of two different periods of 20 consecutive days, resulting in a total of 2 million tweets. However, they only used one of these sets, which corresponds to the period between August 18 and September 6, 2015, and filtered it to 700 tweets.",0.0392,0.0,"['1706.06894_1_0', '1706.06894_0_1', '1706.06894_2_0']"
d353a6bbdc66be9298494d0c853e0d8d752dec4b,2004.04435,How is correctness of automatic derivation proved?,"['empirically compare automatic differentiation (AD, our implementation based on Clad) and numerical differentiation (ND, based on finite difference method)']",I don't know.,0.0,0.0,"['2004.04435_3_0', '2004.04435_6_0', '2004.04435_4_0']"
d6e353e0231d09fd5dcba493544d53706f3fe1ab,1912.01852,How is the quality of singing voice measured?,"['To compare the conversions between USVC and PitchNet, we employed an automatic evaluation score and a human evaluation score.', 'Automatic: Normalized cross correlation (NCC)\nManual: Mean Opinion Score (MOS)']",The quality of the converted singing voice is measured using Mean Opinion Score (MOS) with two questions: (1) what is the quality of the audio? (naturalness) and (2) how well does the converted version match the original? (similarity).,0.1667,0.0,"['1912.01852_0_0', '1912.01852_7_0', '1912.01852_2_0']"
f875337f2ecd686cd7789e111174d0f14972638d,1611.02988,Which existing benchmarks did they compare to?,"['Affective Text Fairy Tales ISEAR', ' Affective Text dataset Fairy Tales dataset ISEAR dataset']",I don't know,0.0,0.0,"['1611.02988_1_0', '1611.02988_12_0', '1611.02988_9_0']"
b66c9a4021b6c8529cac1a2b54dacd8ec79afa5f,1909.08089,What do they mean by global and local context?,"['global (the whole document) local context (e.g., the section/topic)', 'global (the whole document) and the local context (e.g., the section/topic) ']","Global context refers to the whole document, while local context refers to the specific section or topic that a sentence falls into.",0.3871,0.0,"['1909.08089_0_1', '1909.08089_8_0', '1909.08089_15_1']"
3604c4fba0a82d7139efd5ced47612c90bd10601,2001.10179,"Is their implementation on CNN-DSA compared to GPU implementation in terms of power consumption, accuracy and speed?",['no'],"I don't know. The context only mentions the potential of the Super Characters method to be deployed in large scale by saving power and fast inference speed due to the wide availability of low-power CNN accelerator chips, but does not compare it to a GPU implementation.",0.0,0.0,"['2001.10179_0_0', '2001.10179_5_0', '2001.10179_2_0']"
63a1cbe66fd58ff0ead895a8bac1198c38c008aa,1912.08960,Which existing models are evaluated?,"['Show&Tell and LRCN1u', 'Show&Tell model LRCN1u']",Show&Tell and LRCN1u models.,0.8571,0.0,"['1912.08960_7_0', '1912.08960_9_0', '1912.08960_10_0']"
1beb4a590fa6127a138f4ed1dd13d5d51cc96809,1610.08815,What are the network's baseline features?,['The features extracted from CNN.'],"The baseline features used in the experiment are word n-grams, skipgrams, and character n-grams.",0.2105,0.0,"['1610.08815_4_1', '1610.08815_12_0', '1610.08815_4_0']"
f17ca24b135f9fe6bb25dc5084b13e1637ec7744,1804.05918,What discourse relations does it work best/worst for?,"['explicit discourse relations', 'Best: Expansion (Exp). Worst: Comparison (Comp).']","The text does not explicitly state the discourse relations it works best or worst for. However, it mentions that the model improves performance on the three small classes (Comp, Cont, and Temp) and the contingency relation.",0.1429,0.0,"['1804.05918_0_0', '1804.05918_0_1', '1804.05918_10_0']"
4bc2784be43d599000cb71d31928908250d4cef3,2002.01664,What is the GhostVLAD approach?,"['extension of the NetVLAD adds Ghost clusters along with the NetVLAD clusters', 'An extension of NetVLAD which replaces hard assignment-based clustering with soft assignment-based clustering with the additon o fusing Ghost clusters to deal with noisy content.']","GhostVLAD is an extension of the NetVLAD approach, which adds Ghost clusters along with the NetVLAD clusters to map noisy or irrelevant content into ghost clusters and are not included during the feature aggregation stage.",0.4,0.0,"['2002.01664_2_0', '2002.01664_3_0', '2002.01664_0_1']"
90159e143487505ddc026f879ecd864b7f4f479e,1909.06522,How much of the ASR grapheme set is shared between languages?,['Little overlap except common basic Latin alphabet and that Hindi and Marathi languages use same script.'],"The character sets of the 7 languages have little overlap except that they all include the common basic Latin alphabet, and both Hindi and Marathi use the Devanagari script.",0.6222,0.0,"['1909.06522_10_0', '1909.06522_0_0', '1909.06522_0_1']"
8a0a51382d186e8d92bf7e78277a1d48958758da,1908.11546,How better is gCAS approach compared to other approaches?,"['For entity  F1 in the movie, taxi and restaurant domain it results in scores of 50.86, 64, and 60.35. For success, it results it outperforms in the movie and restaurant domain with scores of 77.95 and 71.52']","gCAS outperforms other methods in Entity F$_1$ in all three domains, and in Success F$_1$ in the movie and restaurant domains. It also outperforms all other models in acts prediction in terms of F$_1$ score and frame prediction.",0.2933,0.0,"['1908.11546_6_1', '1908.11546_6_0', '1908.11546_2_0']"
cc850bc8245a7ae790e1f59014371d4f35cd46d7,1703.10344,How do they determine the exact section to use the input article?,['They use a multi-class classifier to determine the section it should be cited'],"The learning objective for determining the exact section to use the input article takes into account the following properties: 

1. Section-templates: account for incomplete section structure for an entity profile by constructing section templates from an entity class.
2. Overall fit: measures the overall fit of a news article to sections in the section templates.",0.1471,0.0,"['1703.10344_5_1', '1703.10344_6_0', '1703.10344_6_2']"
45f7c03a686b68179cadb1413c5f3c1d373328bd,2004.01862,What is the CORD-19 dataset?,"['which contains over 45,000 scholarly articles, including over 33,000 with full text, about COVID-19, SARS-CoV-2, and related coronaviruses', 'contains over 45,000 scholarly articles, including over 33,000 with full text, about COVID-19, SARS-CoV-2, and related coronaviruses']","The CORD-19 dataset contains over 45,000 scholarly articles, including over 33,000 with full text, about COVID-19, SARS-CoV-2, and related coronaviruses.",0.8649,0.0,"['2004.01862_0_0', '2004.01862_3_0', '2004.01862_1_0']"
c77359fb9d3ef96965a9af0396b101f82a0a9de6,1909.00105,How did they obtain the interactions?,['from Food.com'],"They obtained the interactions from Food.com, a website with user reviews over 18 years (2000-2018).",0.2353,0.0,"['1909.00105_2_0', '1909.00105_2_1', '1909.00105_3_0']"
54830abe73fef4e629a36866ceeeca10214bd2c8,1909.09551,How they utilize LDA and Gibbs sampling to evaluate ISWC and WWW publications?,"['the LDA approaches to recommendation systems and given the importance of research, we have studied recent impressive articles on this subject and presented a taxonomy of recommendation systems based on LDA of the recent research we evaluated ISWC and WWW conferences articles from DBLP website and used the Gibbs sampling algorithm as an evaluation parameter', 'discover the trends of the topics and find relationship between LDA topics and paper features and generate trust tags  learn a LDA model with 100 topics; $\\alpha =0.01$, $\\beta = 0.01$ and using Gibbs sampling as a parameter estimation']",I don't know.,0.0,0.0,"['1909.09551_4_0', '1909.09551_5_0', '1909.09551_9_1']"
7aa8375cdf4690fc3b9b1799b0f5a9ec1c1736ed,1809.08731,Is ROUGE their only baseline?,"['no', 'No, other baseline metrics they use besides ROUGE-L are n-gram overlap, negative cross-entropy, perplexity, and BLEU.']",No.,1.0,1.0,"['1809.08731_15_0', '1809.08731_11_0', '1809.08731_9_0']"
55139fcfe04ce90aad407e2e5a0067a45f31e07e,1806.04511,how did the authors translate the reviews to other languages?,"['Using Google translation API.', 'Google translation API']",I don't know. The context does not mention how the authors translated the reviews to other languages.,0.0,0.0,"['1806.04511_6_0', '1806.04511_5_0', '1806.04511_0_0']"
4d28c99750095763c81bcd5544491a0ba51d9070,1909.04002,What kind of celebrities do they obtain tweets from?,"['Amitabh Bachchan, Ariana Grande, Barack Obama, Bill Gates, Donald Trump,\nEllen DeGeneres, J K Rowling, Jimmy Fallon, Justin Bieber, Kevin Durant, Kim Kardashian, Lady Gaga, LeBron James,Narendra Modi, Oprah Winfrey', 'Celebrities from varioius domains - Acting, Music, Politics, Business, TV, Author, Sports, Modeling.']",15 celebrities from various domains.,0.3529,0.0,"['1909.04002_0_0', '1909.04002_3_0', '1909.04002_0_1']"
a130aa735de3b65c71f27018f20d3c068bafb826,1910.04887,How big is data provided by this research?,['16k images and 740k corresponding region descriptions'],"The data provided by this research includes:

- 16k images and 740k region descriptions from the Visual Genome dataset.
- 9k images and 54k referring expressions from the ReferIt dataset.
- 1.73M samples for the instance selection model.
- 300K samples for validation and testing.",0.25,0.0,"['1910.04887_4_0', '1910.04887_5_0', '1910.04887_1_0']"
33f72c8da22dd7d1378d004cbd8d2dcd814a5291,1804.11297,What is the metric that is measures in this paper?,['error rate in a minimal pair ABX discrimination task'],The metric that is measured in this paper is the ABX performance.,0.1905,0.0,"['1804.11297_4_1', '1804.11297_3_0', '1804.11297_7_0']"
e829f008d62312357e0354a9ed3b0827c91c9401,2001.05493,Which psycholinguistic and basic linguistic features are used?,"['Emotion Sensor Feature, Part of Speech, Punctuation, Sentiment Analysis, Empath, TF-IDF Emoticon features']",Exploiting psycho-linguistic features with basic linguistic features as meta-data.,0.0909,0.0,"['2001.05493_0_3', '2001.05493_0_0', '2001.05493_0_2']"
8486e06c03f82ebd48c7cfbaffaa76e8b899eea5,2004.02083,How was annotation done?,[' hand-curated collection of complete inflection tables for 198 lemmata'],I don't know.,0.0,0.0,"['2004.02083_0_0', '2004.02083_7_0', '2004.02083_4_0']"
7aab78e90ba1336950a2b0534cc0cb214b96b4fd,1804.06506,How are the auxiliary signals from the morphology table incorporated in the decoder?,['an additional morphology table including target-side affixes. We inject the decoder with morphological properties of the target language.'],"The auxiliary signals from the morphology table are incorporated in the decoder through an attention module that retrieves useful affixes from the morphology table and concatenates them to the last layer, providing the decoder with explicit morphological information.",0.2857,0.0,"['1804.06506_5_0', '1804.06506_8_2', '1804.06506_4_0']"
521a7042b6308e721a7c8046be5084bc5e8ca246,1810.13024,What is a confusion network or lattice?,"['graph-like structures where arcs connect nodes representing multiple hypothesized words, thus allowing multiple incoming arcs unlike 1-best sequences']",A confusion network or lattice is a graph-like structure where arcs connected by nodes represent hypothesised words.,0.2857,0.0,"['1810.13024_3_1', '1810.13024_2_0', '1810.13024_2_2']"
b6ffa18d49e188c454188669987b0a4807ca3018,1906.11180,What is the reasoning method that is used?,['SPARQL'],SPARQL queries and reasoning.,0.4,0.0,"['1906.11180_4_0', '1906.11180_2_0', '1906.11180_1_0']"
5bb3c27606c59d73fd6944ba7382096de4fa58d8,1912.13337,Do they focus on Reading Comprehension or multiple choice question answering?,"['MULTIPLE CHOICE QUESTION ANSWERING', 'multiple-choice']",They focus on multiple choice question answering.,0.7273,0.0,"['1912.13337_0_0', '1912.13337_16_0', '1912.13337_12_1']"
ee9b95d773e060dced08705db8d79a0a6ef353da,1909.00183,How are content clusters used to improve the prediction of incident severity?,['they are used as additional features in a supervised classification task'],Content clusters are used to enhance the performance of a supervised classifier in predicting the degree of harm of an incident based only on free-text descriptions.,0.2703,0.0,"['1909.00183_15_0', '1909.00183_0_1', '1909.00183_0_0']"
729694a9fe1e05d329b7a4078a596fe606bc5a95,1904.10503,What results do they achieve using their proposed approach?,"['F-1 score on the OntoNotes is 88%, and it is 53% on Wiki (gold).', ' total F-1 score on the OntoNotes dataset is 88% total F-1 cross-validation score on the 112 class Wiki(gold) dataset is 53%']",I don't know. The results of their proposed approach are not mentioned in the provided context.,0.0667,0.0,"['1904.10503_0_0', '1904.10503_5_1', '1904.10503_2_0']"
182c7919329bc5678cf0c79687a66c0f7782577e,1707.07922,How does the model recognize entities and their relation to answers at inference time when answers are not accessible?,['gating function Dynamic Memory'],I don't know.,0.0,0.0,"['1707.07922_0_0', '1707.07922_5_0', '1707.07922_3_0']"
9f5507a8c835c4671020d7d310fff2930d44e75a,1805.04570,What languages are explored?,"['Danish/Swedish (da/sv), Russian/Bulgarian (ru/bg), Finnish/Hungarian (fi/hu), Spanish/Portuguese (es/pt)']","The languages explored in the paper are not explicitly listed, but it is mentioned that the Universal Dependencies Treebank has tags according to this schema in 60 languages.",0.0,0.0,"['1805.04570_0_0', '1805.04570_14_0', '1805.04570_16_0']"
26c290584c97e22b25035f5458625944db181552,1909.06937,What is the size of their dataset?,"['10,001 utterances']",I don't know.,0.0,0.0,"['1909.06937_1_0', '1909.06937_6_0', '1909.06937_7_0']"
869aaf397c9b4da7ab52d6dd0961887ae08da9ae,1909.09270,Which languages are evaluated?,"['Bengali English, German, Spanish, Dutch Amharic Arabic Hindi Somali ']","Dutch, Arabic, Hindi, and Bengali.",0.5714,0.0,"['1909.09270_21_0', '1909.09270_5_0', '1909.09270_18_0']"
cf15c4652e23829d8fb4cf2a25e64408c18734c1,1811.11365,Why is this work different from text-only UNMT?,"['the image can play the role of a pivot “language"" to bridge the two languages without paralleled corpus']","This work is different from text-only UNMT because it shows that images can serve as additional information in the training process, guiding the model to converge to a better local optimal point, and that images can help align different languages with similar meanings, even when not available during inferencing.",0.1493,0.0,"['1811.11365_12_1', '1811.11365_12_0', '1811.11365_3_0']"
a81941f933907e4eb848f8aa896c78c1157bff20,1711.03438,"Can the model add new relations to the knowledge graph, or just new entities?",['The model does not add new relations to the knowledge graph.'],"According to the context, the Open-World Knowledge Graph Completion model can add both new entities and new relations to the knowledge graph.",0.4848,0.0,"['1711.03438_0_1', '1711.03438_0_0', '1711.03438_0_2']"
